Year,date,Month,Season,Temperature,Rainfall
1970,1/1/1970,January,Winter,4.37,184.44
1970,2/1/1970,February,Winter,3.78,133.62
1970,3/1/1970,March,Spring,6.24,108.34
1970,4/1/1970,April,Spring,10.34,85.47
1970,5/1/1970,May,Spring,12.7,91.24
1970,6/1/1970,June,Summer,18.18,33.82
1970,7/1/1970,July,Summer,20.2,72.72
1970,8/1/1970,August,Summer,21.08,60.76
1970,9/1/1970,September,Autum,17.66,46.61
1970,10/1/1970,October,Autum,11.6,146.94
1970,11/1/1970,November,Autum,8.43,91.48
1970,12/1/1970,December,Winter,4.62,133.65
1971,1/1/1971,January,Winter,4.71,187.73
1971,2/1/1971,February,Winter,3.46,136.03
1971,3/1/1971,March,Spring,3.95,180.49
1971,4/1/1971,April,Spring,10.62,62.3
1971,5/1/1971,May,Spring,16.15,59.31
1971,6/1/1971,June,Summer,18.22,40.14
1971,7/1/1971,July,Summer,20.11,54.94
1971,8/1/1971,August,Summer,22.26,10.97
1971,9/1/1971,September,Autum,15.37,143.44
1971,10/1/1971,October,Autum,11,55.5
1971,11/1/1971,November,Autum,7.59,116.68
1971,12/1/1971,December,Winter,4.3,80.89
1972,1/1/1972,January,Winter,4.31,164.12
1972,2/1/1972,February,Winter,5.13,134.39
1972,3/1/1972,March,Spring,7.86,66.88
1972,4/1/1972,April,Spring,11.23,122.57
1972,5/1/1972,May,Spring,14.64,55.42
1972,6/1/1972,June,Summer,19.2,25.59
1972,7/1/1972,July,Summer,20.09,119.78
1972,8/1/1972,August,Summer,19.74,109.93
1972,9/1/1972,September,Autum,15.46,116.95
1972,10/1/1972,October,Autum,9.54,203.57
1972,11/1/1972,November,Autum,7.72,60.15
1972,12/1/1972,December,Winter,3.5,69.82
1973,1/1/1973,January,Winter,3.05,136.99
1973,2/1/1973,February,Winter,3.56,160.02
1973,3/1/1973,March,Spring,4.59,130.52
1973,4/1/1973,April,Spring,8.18,96.68
1973,5/1/1973,May,Spring,15.28,27.15
1973,6/1/1973,June,Summer,17.94,33.67
1973,7/1/1973,July,Summer,20.86,54.79
1973,8/1/1973,August,Summer,20.34,49.15
1973,9/1/1973,September,Autum,18.47,133.68
1973,10/1/1973,October,Autum,13,96.63
1973,11/1/1973,November,Autum,6.33,112.76
1973,12/1/1973,December,Winter,4.38,175.94
1974,1/1/1974,January,Winter,3.44,94.68
1974,2/1/1974,February,Winter,5.47,155.3
1974,3/1/1974,March,Spring,7.1,93.72
1974,4/1/1974,April,Spring,8.87,137.15
1974,5/1/1974,May,Spring,13.06,109.22
1974,6/1/1974,June,Summer,17.2,50
1974,7/1/1974,July,Summer,20.32,13.19
1974,8/1/1974,August,Summer,21.46,49.07
1974,9/1/1974,September,Autum,17.45,120.28
1974,10/1/1974,October,Autum,11.23,238.62
1974,11/1/1974,November,Autum,7.02,131.74
1974,12/1/1974,December,Winter,3.68,66.33
1975,1/1/1975,January,Winter,2.26,38.99
1975,2/1/1975,February,Winter,2.41,61.31
1975,3/1/1975,March,Spring,7.26,101.46
1975,4/1/1975,April,Spring,10.16,41.29
1975,5/1/1975,May,Spring,14.8,84.22
1975,6/1/1975,June,Summer,17.12,53.85
1975,7/1/1975,July,Summer,20.27,34.47
1975,8/1/1975,August,Summer,19.72,42.08
1975,9/1/1975,September,Autum,19.02,32.96
1975,10/1/1975,October,Autum,12.55,169
1975,11/1/1975,November,Autum,7.09,127
1975,12/1/1975,December,Winter,4.34,80.41
1976,1/1/1976,January,Winter,2.11,100.39
1976,2/1/1976,February,Winter,3.36,92.75
1976,3/1/1976,March,Spring,5.16,76.07
1976,4/1/1976,April,Spring,9.68,102.58
1976,5/1/1976,May,Spring,14.39,103.14
1976,6/1/1976,June,Summer,17.03,89.2
1976,7/1/1976,July,Summer,19.88,84.92
1976,8/1/1976,August,Summer,17.35,53.22
1976,9/1/1976,September,Autum,15.3,47
1976,10/1/1976,October,Autum,13.21,151.87
1976,11/1/1976,November,Autum,8.29,226.11
1976,12/1/1976,December,Winter,4.58,163.8
1977,1/1/1977,January,Winter,3.73,103.01
1977,2/1/1977,February,Winter,6.86,110.46
1977,3/1/1977,March,Spring,8.35,42.84
1977,4/1/1977,April,Spring,9.79,63.55
1977,5/1/1977,May,Spring,15.22,35.77
1977,6/1/1977,June,Summer,17.76,23.08
1977,7/1/1977,July,Summer,21.05,25.14
1977,8/1/1977,August,Summer,20.34,51.93
1977,9/1/1977,September,Autum,16.15,97.29
1977,10/1/1977,October,Autum,12.29,51.14
1977,11/1/1977,November,Autum,8.85,161.06
1977,12/1/1977,December,Winter,2.63,101.13
1978,1/1/1978,January,Winter,2.87,164.89
1978,2/1/1978,February,Winter,4.3,135.61
1978,3/1/1978,March,Spring,6.95,114.12
1978,4/1/1978,April,Spring,9.31,157.88
1978,5/1/1978,May,Spring,13.25,115.61
1978,6/1/1978,June,Summer,17.71,31.76
1978,7/1/1978,July,Summer,20.05,7.87
1978,8/1/1978,August,Summer,19.77,21.41
1978,9/1/1978,September,Autum,15.4,143.23
1978,10/1/1978,October,Autum,11.9,68.79
1978,11/1/1978,November,Autum,5.22,67.26
1978,12/1/1978,December,Winter,5.62,160.16
1979,1/1/1979,January,Winter,2.12,193.79
1979,2/1/1979,February,Winter,5.06,167.4
1979,3/1/1979,March,Spring,8.01,75.07
1979,4/1/1979,April,Spring,9.12,159.15
1979,5/1/1979,May,Spring,14.91,72.3
1979,6/1/1979,June,Summer,19.25,56.57
1979,7/1/1979,July,Summer,19.92,50.69
1979,8/1/1979,August,Summer,19.8,87.44
1979,9/1/1979,September,Autum,16.9,38.11
1979,10/1/1979,October,Autum,12.88,135.36
1979,11/1/1979,November,Autum,8.62,320.66
1979,12/1/1979,December,Winter,5.93,142.34
1980,1/1/1980,January,Winter,1.46,159.79
1980,2/1/1980,February,Winter,3.46,59.42
1980,3/1/1980,March,Spring,6.2,137.4
1980,4/1/1980,April,Spring,8.25,71.3
1980,5/1/1980,May,Spring,12.38,159.56
1980,6/1/1980,June,Summer,17.01,50.32
1980,7/1/1980,July,Summer,20.01,16.76
1980,8/1/1980,August,Summer,20.92,35.96
1980,9/1/1980,September,Autum,17.61,34.11
1980,10/1/1980,October,Autum,13.1,200.36
1980,11/1/1980,November,Autum,8.54,191.01
1980,12/1/1980,December,Winter,2.84,167.01
1981,1/1/1981,January,Winter,0.57,122.6
1981,2/1/1981,February,Winter,2.84,126.23
1981,3/1/1981,March,Spring,8.14,79.99
1981,4/1/1981,April,Spring,10.51,69
1981,5/1/1981,May,Spring,14.13,75.84
1981,6/1/1981,June,Summer,19.13,28.53
1981,7/1/1981,July,Summer,19.79,23.72
1981,8/1/1981,August,Summer,20.39,52.24
1981,9/1/1981,September,Autum,17.41,93.84
1981,10/1/1981,October,Autum,13.92,168.43
1981,11/1/1981,November,Autum,5.46,119.15
1981,12/1/1981,December,Winter,4.97,225.73
1982,1/1/1982,January,Winter,2.86,31.46
1982,2/1/1982,February,Winter,2.08,106.98
1982,3/1/1982,March,Spring,5.54,122.24
1982,4/1/1982,April,Spring,9.22,109.48
1982,5/1/1982,May,Spring,15.04,49.68
1982,6/1/1982,June,Summer,19.37,20.66
1982,7/1/1982,July,Summer,20.86,32.82
1982,8/1/1982,August,Summer,21.03,74.79
1982,9/1/1982,September,Autum,19.46,71.42
1982,10/1/1982,October,Autum,13.37,155.02
1982,11/1/1982,November,Autum,7.51,166.47
1982,12/1/1982,December,Winter,5.65,184.89
1983,1/1/1983,January,Winter,3.35,36.2
1983,2/1/1983,February,Winter,1.99,96.22
1983,3/1/1983,March,Spring,6.85,51.6
1983,4/1/1983,April,Spring,11.38,53.18
1983,5/1/1983,May,Spring,15.8,63.21
1983,6/1/1983,June,Summer,16.73,138.38
1983,7/1/1983,July,Summer,21.42,42.68
1983,8/1/1983,August,Summer,20.23,43.28
1983,9/1/1983,September,Autum,17.14,74.11
1983,10/1/1983,October,Autum,11.95,82.79
1983,11/1/1983,November,Autum,6.67,145.32
1983,12/1/1983,December,Winter,3.91,199.74
1984,1/1/1984,January,Winter,3.56,173.07
1984,2/1/1984,February,Winter,3.33,167.11
1984,3/1/1984,March,Spring,5.3,116.33
1984,4/1/1984,April,Spring,8.92,93.85
1984,5/1/1984,May,Spring,14.24,47.81
1984,6/1/1984,June,Summer,17.01,18.1
1984,7/1/1984,July,Summer,20.05,11.01
1984,8/1/1984,August,Summer,19.33,60.46
1984,9/1/1984,September,Autum,16.65,92.06
1984,10/1/1984,October,Autum,14.02,43.82
1984,11/1/1984,November,Autum,8.72,123.88
1984,12/1/1984,December,Winter,4.14,70.03
1985,1/1/1985,January,Winter,0.71,197.48
1985,2/1/1985,February,Winter,0.82,60.23
1985,3/1/1985,March,Spring,6.03,139.03
1985,4/1/1985,April,Spring,10.67,62.04
1985,5/1/1985,May,Spring,15.91,56.76
1985,6/1/1985,June,Summer,17.58,24.82
1985,7/1/1985,July,Summer,21.3,6.81
1985,8/1/1985,August,Summer,21.47,24.12
1985,9/1/1985,September,Autum,17.93,25.82
1985,10/1/1985,October,Autum,12.19,62.9
1985,11/1/1985,November,Autum,8.62,341.95
1985,12/1/1985,December,Winter,5.54,65.13
1986,1/1/1986,January,Winter,3.29,174.28
1986,2/1/1986,February,Winter,2.86,223.78
1986,3/1/1986,March,Spring,6.82,109.17
1986,4/1/1986,April,Spring,11.32,67.59
1986,5/1/1986,May,Spring,16.27,61.06
1986,6/1/1986,June,Summer,17.98,94.26
1986,7/1/1986,July,Summer,19.55,46.32
1986,8/1/1986,August,Summer,22.08,10.36
1986,9/1/1986,September,Autum,18.12,52.28
1986,10/1/1986,October,Autum,12.8,79.78
1986,11/1/1986,November,Autum,7.79,87.73
1986,12/1/1986,December,Winter,2.16,83.99
1987,1/1/1987,January,Winter,2.28,168.01
1987,2/1/1987,February,Winter,4.59,91.39
1987,3/1/1987,March,Spring,2.21,167.68
1987,4/1/1987,April,Spring,9.76,56.01
1987,5/1/1987,May,Spring,12.83,125.08
1987,6/1/1987,June,Summer,17.81,47.36
1987,7/1/1987,July,Summer,21.23,23.73
1987,8/1/1987,August,Summer,20.88,20.92
1987,9/1/1987,September,Autum,20.54,33.08
1987,10/1/1987,October,Autum,13.27,128.9
1987,11/1/1987,November,Autum,8.84,227.4
1987,12/1/1987,December,Winter,4.96,117.82
1988,1/1/1988,January,Winter,4.96,88.34
1988,2/1/1988,February,Winter,4.16,138.36
1988,3/1/1988,March,Spring,5.77,97.59
1988,4/1/1988,April,Spring,9.9,83.78
1988,5/1/1988,May,Spring,15.23,31.63
1988,6/1/1988,June,Summer,17.96,46.91
1988,7/1/1988,July,Summer,23.5,5.33
1988,8/1/1988,August,Summer,22.86,23.54
1988,9/1/1988,September,Autum,17.77,79.94
1988,10/1/1988,October,Autum,12.72,68.25
1988,11/1/1988,November,Autum,5.26,166.29
1988,12/1/1988,December,Winter,3.35,110.31
1989,1/1/1989,January,Winter,1.98,20.62
1989,2/1/1989,February,Winter,4.93,32.91
1989,3/1/1989,March,Spring,8.91,62.97
1989,4/1/1989,April,Spring,11.36,104.77
1989,5/1/1989,May,Spring,13.86,60.57
1989,6/1/1989,June,Summer,16.33,93.64
1989,7/1/1989,July,Summer,20.82,68.34
1989,8/1/1989,August,Summer,20.79,47.38
1989,9/1/1989,September,Autum,17.12,57.37
1989,10/1/1989,October,Autum,11.36,108.9
1989,11/1/1989,November,Autum,7.16,126
1989,12/1/1989,December,Winter,3.93,82.82
1990,1/1/1990,January,Winter,1.68,24.71
1990,2/1/1990,February,Winter,6,42.44
1990,3/1/1990,March,Spring,8.86,17.75
1990,4/1/1990,April,Spring,10.42,123.45
1990,5/1/1990,May,Spring,15.07,61.21
1990,6/1/1990,June,Summer,18.33,23.31
1990,7/1/1990,July,Summer,21.71,12.12
1990,8/1/1990,August,Summer,21.23,35.5
1990,9/1/1990,September,Autum,16.86,42.15
1990,10/1/1990,October,Autum,14.09,111.83
1990,11/1/1990,November,Autum,9.62,167.09
1990,12/1/1990,December,Winter,3.45,267.84
1991,1/1/1991,January,Winter,2.12,46.24
1991,2/1/1991,February,Winter,2.29,142.47
1991,3/1/1991,March,Spring,8.29,72.45
1991,4/1/1991,April,Spring,9.03,137.86
1991,5/1/1991,May,Spring,11.87,93.16
1991,6/1/1991,June,Summer,18.58,34.52
1991,7/1/1991,July,Summer,20.69,63.36
1991,8/1/1991,August,Summer,20.78,40.06
1991,9/1/1991,September,Autum,18.16,59.17
1991,10/1/1991,October,Autum,12.78,103.02
1991,11/1/1991,November,Autum,8.59,177.48
1991,12/1/1991,December,Winter,1.53,54.38
1992,1/1/1992,January,Winter,2.09,40.28
1992,2/1/1992,February,Winter,2.62,26.32
1992,3/1/1992,March,Spring,6.09,47.6
1992,4/1/1992,April,Spring,10.33,144.42
1992,5/1/1992,May,Spring,14.89,70.37
1992,6/1/1992,June,Summer,17.65,93.43
1992,7/1/1992,July,Summer,20.51,49.24
1992,8/1/1992,August,Summer,23.28,11.47
1992,9/1/1992,September,Autum,17.5,43.02
1992,10/1/1992,October,Autum,14.47,130.21
1992,11/1/1992,November,Autum,8.99,112.02
1992,12/1/1992,December,Winter,3.46,142.59
1993,1/1/1993,January,Winter,2.15,43.45
1993,2/1/1993,February,Winter,1.56,53.98
1993,3/1/1993,March,Spring,5.12,110.78
1993,4/1/1993,April,Spring,10.32,66.57
1993,5/1/1993,May,Spring,15.72,111.22
1993,6/1/1993,June,Summer,19.27,32.2
1993,7/1/1993,July,Summer,20.72,8.69
1993,8/1/1993,August,Summer,21.91,13.05
1993,9/1/1993,September,Autum,17.18,79.42
1993,10/1/1993,October,Autum,14.29,90.33
1993,11/1/1993,November,Autum,7.24,252.85
1993,12/1/1993,December,Winter,5.5,133.29
1994,1/1/1994,January,Winter,4.38,178.8
1994,2/1/1994,February,Winter,3.81,129.79
1994,3/1/1994,March,Spring,8.01,27.8
1994,4/1/1994,April,Spring,10.8,140.57
1994,5/1/1994,May,Spring,15.73,60.84
1994,6/1/1994,June,Summer,18.67,57.82
1994,7/1/1994,July,Summer,22.69,29.09
1994,8/1/1994,August,Summer,23.31,44.99
1994,9/1/1994,September,Autum,20.01,35.64
1994,10/1/1994,October,Autum,13.53,124.52
1994,11/1/1994,November,Autum,7.75,104.1
1994,12/1/1994,December,Winter,4.1,132.02
1995,1/1/1995,January,Winter,2.58,169.39
1995,2/1/1995,February,Winter,6.01,70.67
1995,3/1/1995,March,Spring,5.84,120.15
1995,4/1/1995,April,Spring,9.33,86.78
1995,5/1/1995,May,Spring,14.28,80.57
1995,6/1/1995,June,Summer,18.15,51.68
1995,7/1/1995,July,Summer,22.31,66.42
1995,8/1/1995,August,Summer,20.28,116.48
1995,9/1/1995,September,Autum,16.3,105.88
1995,10/1/1995,October,Autum,12.37,10.63
1995,11/1/1995,November,Autum,5.95,129.59
1995,12/1/1995,December,Winter,5.65,262.66
1996,1/1/1996,January,Winter,3.21,147.67
1996,2/1/1996,February,Winter,2.44,168.62
1996,3/1/1996,March,Spring,3.86,127.06
1996,4/1/1996,April,Spring,9.69,98.86
1996,5/1/1996,May,Spring,15.75,75.28
1996,6/1/1996,June,Summer,19.4,25.32
1996,7/1/1996,July,Summer,20.68,11.02
1996,8/1/1996,August,Summer,21.21,56.36
1996,9/1/1996,September,Autum,14.87,160.23
1996,10/1/1996,October,Autum,11.66,132.35
1996,11/1/1996,November,Autum,8.95,144.28
1996,12/1/1996,December,Winter,4.33,180.24
1997,1/1/1997,January,Winter,3.72,100.46
1997,2/1/1997,February,Winter,4.14,50.83
1997,3/1/1997,March,Spring,6.35,36.44
1997,4/1/1997,April,Spring,6.76,103.93
1997,5/1/1997,May,Spring,15.6,39.99
1997,6/1/1997,June,Summer,19.31,31.67
1997,7/1/1997,July,Summer,20.84,25.45
1997,8/1/1997,August,Summer,19.95,57.45
1997,9/1/1997,September,Autum,17.42,20.11
1997,10/1/1997,October,Autum,11.35,160.91
1997,11/1/1997,November,Autum,8.67,153.67
1997,12/1/1997,December,Winter,4.61,172.17
1998,1/1/1998,January,Winter,3.92,94.74
1998,2/1/1998,February,Winter,5.72,77.42
1998,3/1/1998,March,Spring,4.75,35.48
1998,4/1/1998,April,Spring,11.2,56.84
1998,5/1/1998,May,Spring,14.83,118.47
1998,6/1/1998,June,Summer,19.95,26.62
1998,7/1/1998,July,Summer,22.54,29.7
1998,8/1/1998,August,Summer,22.74,33.25
1998,9/1/1998,September,Autum,17.28,138.55
1998,10/1/1998,October,Autum,13.53,102.59
1998,11/1/1998,November,Autum,7.25,246.61
1998,12/1/1998,December,Winter,2.58,147.26
1999,1/1/1999,January,Winter,3.14,134.75
1999,2/1/1999,February,Winter,2.45,120.71
1999,3/1/1999,March,Spring,6.89,120.48
1999,4/1/1999,April,Spring,10.89,84.45
1999,5/1/1999,May,Spring,16.14,46.05
1999,6/1/1999,June,Summer,19.59,61.79
1999,7/1/1999,July,Summer,21.67,58.24
1999,8/1/1999,August,Summer,22.43,55.74
1999,9/1/1999,September,Autum,18.62,77.95
1999,10/1/1999,October,Autum,13.89,92.7
1999,11/1/1999,November,Autum,8.18,159.59
1999,12/1/1999,December,Winter,5.24,234.96
2000,1/1/2000,January,Winter,0.74,40.9
2000,2/1/2000,February,Winter,3.85,98.96
2000,3/1/2000,March,Spring,6.18,47.6
2000,4/1/2000,April,Spring,12.35,57.83
2000,5/1/2000,May,Spring,17.16,31.55
2000,6/1/2000,June,Summer,20.31,34.01
2000,7/1/2000,July,Summer,21.82,34.56
2000,8/1/2000,August,Summer,22.93,10.34
2000,9/1/2000,September,Autum,17.69,70.79
2000,10/1/2000,October,Autum,13.5,125.57
2000,11/1/2000,November,Autum,10.76,193.8
2000,12/1/2000,December,Winter,5.68,129.17
2001,1/1/2001,January,Winter,4.81,160.31
2001,2/1/2001,February,Winter,4.75,78.88
2001,3/1/2001,March,Spring,10.02,67.95
2001,4/1/2001,April,Spring,10.08,133.95
2001,5/1/2001,May,Spring,16.15,72.11
2001,6/1/2001,June,Summer,18.17,29.68
2001,7/1/2001,July,Summer,22.18,21.55
2001,8/1/2001,August,Summer,22.97,25.75
2001,9/1/2001,September,Autum,17.01,70.87
2001,10/1/2001,October,Autum,14.6,17.45
2001,11/1/2001,November,Autum,7.47,108.27
2001,12/1/2001,December,Winter,1.1,127.15
2002,1/1/2002,January,Winter,1.92,66.08
2002,2/1/2002,February,Winter,6.61,36.58
2002,3/1/2002,March,Spring,8.31,79.73
2002,4/1/2002,April,Spring,10.37,124.3
2002,5/1/2002,May,Spring,16.26,73.89
2002,6/1/2002,June,Summer,20.16,25.29
2002,7/1/2002,July,Summer,22.39,70.87
2002,8/1/2002,August,Summer,20.93,87.67
2002,9/1/2002,September,Autum,16.58,161.51
2002,10/1/2002,October,Autum,12.83,108.93
2002,11/1/2002,November,Autum,9.95,90.06
2002,12/1/2002,December,Winter,4.27,263.74
2003,1/1/2003,January,Winter,3.77,232.04
2003,2/1/2003,February,Winter,-0.06,81.62
2003,3/1/2003,March,Spring,5.54,28.91
2003,4/1/2003,April,Spring,9.47,62.85
2003,5/1/2003,May,Spring,17.78,54.87
2003,6/1/2003,June,Summer,21.05,38.53
2003,7/1/2003,July,Summer,22.75,29.89
2003,8/1/2003,August,Summer,23.88,43.16
2003,9/1/2003,September,Autum,17.47,96.35
2003,10/1/2003,October,Autum,12.79,211.36
2003,11/1/2003,November,Autum,9.66,92.09
2003,12/1/2003,December,Winter,4.27,131.57
2004,1/1/2004,January,Winter,1.75,163.79
2004,2/1/2004,February,Winter,4.03,64.05
2004,3/1/2004,March,Spring,6.71,100.11
2004,4/1/2004,April,Spring,10.98,100.21
2004,5/1/2004,May,Spring,13.81,94.65
2004,6/1/2004,June,Summer,18.49,92.97
2004,7/1/2004,July,Summer,21.98,53.95
2004,8/1/2004,August,Summer,21.28,30.15
2004,9/1/2004,September,Autum,17.5,72.39
2004,10/1/2004,October,Autum,14.73,104.13
2004,11/1/2004,November,Autum,8.44,140.37
2004,12/1/2004,December,Winter,5.59,152.4
2005,1/1/2005,January,Winter,2.62,114.94
2005,2/1/2005,February,Winter,1.32,140.19
2005,3/1/2005,March,Spring,5.94,110.74
2005,4/1/2005,April,Spring,10.33,57.44
2005,5/1/2005,May,Spring,15.76,62.57
2005,6/1/2005,June,Summer,18.7,35.32
2005,7/1/2005,July,Summer,21.92,57.61
2005,8/1/2005,August,Summer,20.72,50.37
2005,9/1/2005,September,Autum,17.96,96.54
2005,10/1/2005,October,Autum,12.5,113.95
2005,11/1/2005,November,Autum,7.61,168.42
2005,12/1/2005,December,Winter,4.19,186.2
2006,1/1/2006,January,Winter,1.27,142.09
2006,2/1/2006,February,Winter,3.22,117.21
2006,3/1/2006,March,Spring,6.32,131.54
2006,4/1/2006,April,Spring,11.36,87.43
2006,5/1/2006,May,Spring,15.59,47.44
2006,6/1/2006,June,Summer,18.69,72.03
2006,7/1/2006,July,Summer,22.53,48.21
2006,8/1/2006,August,Summer,21.2,73.57
2006,9/1/2006,September,Autum,18.33,150.59
2006,10/1/2006,October,Autum,13.91,90.21
2006,11/1/2006,November,Autum,7.63,78.33
2006,12/1/2006,December,Winter,4.7,93.91
2007,1/1/2007,January,Winter,5.16,82.46
2007,2/1/2007,February,Winter,5.74,121.24
2007,3/1/2007,March,Spring,7.99,121.04
2007,4/1/2007,April,Spring,11.69,48.22
2007,5/1/2007,May,Spring,16.38,106.28
2007,6/1/2007,June,Summer,20.65,50.65
2007,7/1/2007,July,Summer,23.56,7.54
2007,8/1/2007,August,Summer,22.69,37.01
2007,9/1/2007,September,Autum,16.59,104.18
2007,10/1/2007,October,Autum,12.57,169.14
2007,11/1/2007,November,Autum,7.08,201.23
2007,12/1/2007,December,Winter,2.73,110.94
2008,1/1/2008,January,Winter,3.57,84.47
2008,2/1/2008,February,Winter,4.4,44.85
2008,3/1/2008,March,Spring,8.18,125.32
2008,4/1/2008,April,Spring,11.33,113.26
2008,5/1/2008,May,Spring,15.93,50.13
2008,6/1/2008,June,Summer,20.16,78.78
2008,7/1/2008,July,Summer,22.31,36.51
2008,8/1/2008,August,Summer,23.02,12.83
2008,9/1/2008,September,Autum,17.06,122.68
2008,10/1/2008,October,Autum,13.6,58.67
2008,11/1/2008,November,Autum,9.41,161.1
2008,12/1/2008,December,Winter,5.23,221.27
2009,1/1/2009,January,Winter,3.5,265.84
2009,2/1/2009,February,Winter,3.15,81.49
2009,3/1/2009,March,Spring,6.44,146.19
2009,4/1/2009,April,Spring,11.75,99.13
2009,5/1/2009,May,Spring,16.98,45.97
2009,6/1/2009,June,Summer,18.84,115
2009,7/1/2009,July,Summer,22.47,27.25
2009,8/1/2009,August,Summer,22.76,59.88
2009,9/1/2009,September,Autum,18.59,79.21
2009,10/1/2009,October,Autum,12.78,189.05
2009,11/1/2009,November,Autum,8.84,132.29
2009,12/1/2009,December,Winter,5.85,219
2010,1/1/2010,January,Winter,2.96,138.87
2010,2/1/2010,February,Winter,4.71,209.05
2010,3/1/2010,March,Spring,7.13,106.43
2010,4/1/2010,April,Spring,11.46,68.52
2010,5/1/2010,May,Spring,15.36,106.76
2010,6/1/2010,June,Summer,18.79,75.47
2010,7/1/2010,July,Summer,22.53,24.44
2010,8/1/2010,August,Summer,23.05,14.13
2010,9/1/2010,September,Autum,17.52,131.72
2010,10/1/2010,October,Autum,11.87,238.29
2010,11/1/2010,November,Autum,11.04,204.84
2010,12/1/2010,December,Winter,4.7,151.79
2011,1/1/2011,January,Winter,3.07,115.14
2011,2/1/2011,February,Winter,3.64,67.61
2011,3/1/2011,March,Spring,6.73,90
2011,4/1/2011,April,Spring,11.18,65.17
2011,5/1/2011,May,Spring,15.24,70.55
2011,6/1/2011,June,Summer,19.5,40.62
2011,7/1/2011,July,Summer,22.13,30.02
2011,8/1/2011,August,Summer,22.71,33.71
2011,9/1/2011,September,Autum,20.55,56.77
2011,10/1/2011,October,Autum,11.89,79.96
2011,11/1/2011,November,Autum,6.77,66.95
2011,12/1/2011,December,Winter,5.13,139.51
2012,1/1/2012,January,Winter,1.83,78.2
2012,2/1/2012,February,Winter,0.88,145.76
2012,3/1/2012,March,Spring,7.99,57.92
2012,4/1/2012,April,Spring,11.49,145.36
2012,5/1/2012,May,Spring,15.59,107.39
2012,6/1/2012,June,Summer,20.9,29.93
2012,7/1/2012,July,Summer,23.82,12.74
2012,8/1/2012,August,Summer,23.83,18.45
2012,9/1/2012,September,Autum,19.2,85.68
2012,10/1/2012,October,Autum,14.91,110.89
2012,11/1/2012,November,Autum,10.54,149.33
2012,12/1/2012,December,Winter,3.61,178.7
2013,1/1/2013,January,Winter,3.82,170.37
2013,2/1/2013,February,Winter,4.51,182.59
2013,3/1/2013,March,Spring,6.91,110.56
2013,4/1/2013,April,Spring,12.33,52.46
2013,5/1/2013,May,Spring,16.36,67.74
2013,6/1/2013,June,Summer,18.93,82.99
2013,7/1/2013,July,Summer,22.33,27.67
2013,8/1/2013,August,Summer,23.59,17.67
2013,9/1/2013,September,Autum,17.93,64.87
2013,10/1/2013,October,Autum,13.91,69.58
2013,11/1/2013,November,Autum,9.64,189.11
2013,12/1/2013,December,Winter,4.37,129.24
2014,1/1/2014,January,Winter,5.51,144.22
2014,2/1/2014,February,Winter,6.65,121.44
2014,3/1/2014,March,Spring,8.5,116.77
2014,4/1/2014,April,Spring,11.15,148.95
2014,5/1/2014,May,Spring,14.59,75.1
2014,6/1/2014,June,Summer,19.03,80.18
2014,7/1/2014,July,Summer,21.16,58.84
2014,8/1/2014,August,Summer,21.96,34.91
2014,9/1/2014,September,Autum,17.78,188.66
2014,10/1/2014,October,Autum,13.4,127.49
2014,11/1/2014,November,Autum,9.97,162.29
2014,12/1/2014,December,Winter,5.43,206.31
2015,1/1/2015,January,Winter,3.72,141.5
2015,2/1/2015,February,Winter,3.93,144.55
2015,3/1/2015,March,Spring,6.89,157.94
2015,4/1/2015,April,Spring,10.75,46.48
2015,5/1/2015,May,Spring,16.29,37.36
2015,6/1/2015,June,Summer,19.03,75.99
2015,7/1/2015,July,Summer,23.61,8.61
2015,8/1/2015,August,Summer,23.36,72.69
2015,9/1/2015,September,Autum,19.1,140.73
2015,10/1/2015,October,Autum,13.24,193.22
2015,11/1/2015,November,Autum,9.47,104.74
2015,12/1/2015,December,Winter,4.77,6.94
2016,1/1/2016,January,Winter,3.84,145.38
2016,2/1/2016,February,Winter,7.94,93.96
2016,3/1/2016,March,Spring,7.77,180.9
2016,4/1/2016,April,Spring,13.1,63.84
2016,5/1/2016,May,Spring,14.96,169.92
2016,6/1/2016,June,Summer,19.85,91.4
2016,7/1/2016,July,Summer,22.79,33.98
2016,8/1/2016,August,Summer,21.93,31.81
2016,9/1/2016,September,Autum,18.26,154.96
2016,10/1/2016,October,Autum,13,135.26
2016,11/1/2016,November,Autum,8.81,117.01
2016,12/1/2016,December,Winter,2.85,9.24
2017,1/1/2017,January,Winter,0.01,173.41
2017,2/1/2017,February,Winter,5.41,89.01
2017,3/1/2017,March,Spring,9.12,68.33
2017,4/1/2017,April,Spring,10.9,64.6
2017,5/1/2017,May,Spring,16.06,67.74
2017,6/1/2017,June,Summer,20.49,36.49
2017,7/1/2017,July,Summer,23.16,63.24
2017,8/1/2017,August,Summer,23.9,17.75
2017,9/1/2017,September,Autum,17.83,69.7
2017,10/1/2017,October,Autum,13.02,52.68
2017,11/1/2017,November,Autum,8.37,249.11
2017,12/1/2017,December,Winter,4.61,161.1
2018,1/1/2018,January,Winter,4.7,89.49
2018,2/1/2018,February,Winter,4.14,202.09
2018,3/1/2018,March,Spring,7.42,125.9
2018,4/1/2018,April,Spring,13.79,19.44
2018,5/1/2018,May,Spring,17.8,82.85
2018,6/1/2018,June,Summer,19.61,95.09
2018,7/1/2018,July,Summer,22.2,47.27
2018,8/1/2018,August,Summer,23.32,45.55
2018,9/1/2018,September,Autum,19.34,21.93
2018,10/1/2018,October,Autum,14.66,68.16
2018,11/1/2018,November,Autum,9.68,127.05
2018,12/1/2018,December,Winter,4.21,98.81
2019,1/1/2019,January,Winter,1.94,214.08
2019,2/1/2019,February,Winter,5.04,43.54
2019,3/1/2019,March,Spring,8.78,42.6
2019,4/1/2019,April,Spring,11.26,128.11
2019,5/1/2019,May,Spring,13.59,125.47
2019,6/1/2019,June,Summer,21.02,58.96
2019,7/1/2019,July,Summer,22.43,87.3
2019,8/1/2019,August,Summer,23.88,15.82
2019,9/1/2019,September,Autum,19.3,39.46
2019,10/1/2019,October,Autum,15.03,53.22
2019,11/1/2019,November,Autum,11.45,326.61
2019,12/1/2019,December,Winter,6.11,181.91
2020,1/1/2020,January,Winter,3.25,25.78
2020,2/1/2020,February,Winter,6.15,59.69
2020,3/1/2020,March,Spring,7.79,113.22
2020,4/1/2020,April,Spring,11.04,106.08
2020,5/1/2020,May,Spring,15.54,57.34
2020,6/1/2020,June,Summer,18.28,104.19
2020,7/1/2020,July,Summer,22.28,20.73
2020,8/1/2020,August,Summer,23.15,88.74
2020,9/1/2020,September,Autum,19.82,95.76
2020,10/1/2020,October,Autum,13.91,114.48
2020,11/1/2020,November,Autum,9.19,29.87
2020,12/1/2020,December,Winter,6.52,269.3
2021,1/1/2021,January,Winter,4.46,265.32
2021,2/1/2021,February,Winter,5.87,71.35
2021,3/1/2021,March,Spring,6.17,89.64
2021,4/1/2021,April,Spring,9.53,80.58
2021,5/1/2021,May,Spring,15.67,46.11
2021,6/1/2021,June,Summer,20.12,23.83
2021,7/1/2021,July,Summer,23.41,23.14
2021,8/1/2021,August,Summer,23.39,46.67
2021,9/1/2021,September,Autum,18.57,51.11
2021,10/1/2021,October,Autum,12.02,164
2021,11/1/2021,November,Autum,9.92,186.53
2021,12/1/2021,December,Winter,5.38,191.25
